<?xml version="1.0" encoding="utf-8" ?><dwsync><file name="issuerTest1.psd" server="ns1741.websitewelcome.com" local="3480192720" remote="318763443884845092" Dst="-1" /><file name="issuerTest2.psd" server="ns1741.websitewelcome.com" local="3480192851" remote="318763443884845092" Dst="-1" /><file name="issuerTest3.psd" server="ns1741.websitewelcome.com" local="3480192994" remote="318763443884845092" Dst="-1" /><file name="issuerTest5.psd" server="ns1741.websitewelcome.com" local="3480193168" remote="318763443884845152" Dst="-1" /><file name="issuerTest4.psd" server="ns1741.websitewelcome.com" local="3480193128" remote="318763443884845152" Dst="-1" /><file name="issuerTest6.psd" server="ns1741.websitewelcome.com" local="3480193202" remote="318763443884845152" Dst="-1" /><file name="issuerTest7.psd" server="ns1741.websitewelcome.com" local="3480193282" remote="318763443884845152" Dst="-1" /><file name="issuerTesting8.psd" server="ns1741.websitewelcome.com" local="3480193356" remote="318763443884845152" Dst="-1" /></dwsync>